mean_fit_time,std_fit_time,mean_score_time,std_score_time,param_classifier__C,param_classifier__class_weight,param_classifier__dual,param_classifier__penalty,param_classifier__solver,param_vectorizer__max_df,param_vectorizer__min_df,param_classifier__l1_ratio,params,split0_test_ap,split1_test_ap,split2_test_ap,split3_test_ap,split4_test_ap,mean_test_ap,std_test_ap,rank_test_ap,split0_test_roc,split1_test_roc,split2_test_roc,split3_test_roc,split4_test_roc,mean_test_roc,std_test_roc,rank_test_roc
2.57758207321167,0.061382962541097895,0.6350295066833496,0.063714661047551,0.1,,True,l2,liblinear,0.9,1,,"{'classifier__C': 0.1, 'classifier__class_weight': None, 'classifier__dual': True, 'classifier__penalty': 'l2', 'classifier__solver': 'liblinear', 'vectorizer__max_df': 0.9, 'vectorizer__min_df': 1}",0.3743637142705466,0.47918851981351984,0.5137094421101773,0.2798897358679967,0.311921768707483,0.39181463615394463,0.09133140479843978,67,0.5989010989010989,0.7,0.7849999999999999,0.5828571428571429,0.5942857142857143,0.6522087912087912,0.07864343430758129,67
2.526464891433716,0.0658240293409321,0.6311293601989746,0.06004118771512537,0.1,,True,l2,liblinear,0.9,2,,"{'classifier__C': 0.1, 'classifier__class_weight': None, 'classifier__dual': True, 'classifier__penalty': 'l2', 'classifier__solver': 'liblinear', 'vectorizer__max_df': 0.9, 'vectorizer__min_df': 2}",0.380245681092363,0.4945970695970696,0.5137094421101773,0.27189772787598876,0.3256222488995598,0.3972144339150317,0.09399161771869857,65,0.6098901098901099,0.7150000000000001,0.7849999999999999,0.5714285714285714,0.6057142857142856,0.6574065934065935,0.0798989474683184,63
2.5518337726593017,0.06484690416525893,0.6389396667480469,0.05817402373862502,0.1,,False,l2,liblinear,0.9,1,,"{'classifier__C': 0.1, 'classifier__class_weight': None, 'classifier__dual': False, 'classifier__penalty': 'l2', 'classifier__solver': 'liblinear', 'vectorizer__max_df': 0.9, 'vectorizer__min_df': 1}",0.3743637142705466,0.47918851981351984,0.5137094421101773,0.2798897358679967,0.311921768707483,0.39181463615394463,0.09133140479843978,67,0.5989010989010989,0.7,0.7849999999999999,0.5828571428571429,0.5942857142857143,0.6522087912087912,0.07864343430758129,67
2.5359045028686524,0.0649433634940856,0.6295637607574462,0.06374349969312126,0.1,,False,l2,liblinear,0.9,2,,"{'classifier__C': 0.1, 'classifier__class_weight': None, 'classifier__dual': False, 'classifier__penalty': 'l2', 'classifier__solver': 'liblinear', 'vectorizer__max_df': 0.9, 'vectorizer__min_df': 2}",0.380245681092363,0.4945970695970696,0.5137094421101773,0.27189772787598876,0.3256222488995598,0.3972144339150317,0.09399161771869857,65,0.6098901098901099,0.7150000000000001,0.7849999999999999,0.5714285714285714,0.6057142857142856,0.6574065934065935,0.0798989474683184,63
2.5637919902801514,0.06165992863933853,0.6411998271942139,0.07539092901715551,0.1,balanced,True,l2,liblinear,0.9,1,,"{'classifier__C': 0.1, 'classifier__class_weight': 'balanced', 'classifier__dual': True, 'classifier__penalty': 'l2', 'classifier__solver': 'liblinear', 'vectorizer__max_df': 0.9, 'vectorizer__min_df': 1}",0.6255687893886651,0.628720238095238,0.5228091675266597,0.23803433136548535,0.4123669563519188,0.4854998965455934,0.14704487448959333,32,0.8296703296703296,0.79,0.73,0.5314285714285714,0.7257142857142858,0.7213626373626374,0.10257693117049506,16
2.530140495300293,0.06081665708764243,0.6344343185424804,0.06543430448302795,0.1,balanced,True,l2,liblinear,0.9,2,,"{'classifier__C': 0.1, 'classifier__class_weight': 'balanced', 'classifier__dual': True, 'classifier__penalty': 'l2', 'classifier__solver': 'liblinear', 'vectorizer__max_df': 0.9, 'vectorizer__min_df': 2}",0.6901078217848404,0.6298566017316016,0.4970114923439732,0.24005073601346893,0.3798851524415434,0.48738236086308556,0.16384005887404343,25,0.8516483516483517,0.7949999999999999,0.71,0.5371428571428571,0.7028571428571428,0.7193296703296703,0.10656890168082939,28
2.5538713455200197,0.06970196979058335,0.6325033664703369,0.05978439307706367,0.1,balanced,False,l2,liblinear,0.9,1,,"{'classifier__C': 0.1, 'classifier__class_weight': 'balanced', 'classifier__dual': False, 'classifier__penalty': 'l2', 'classifier__solver': 'liblinear', 'vectorizer__max_df': 0.9, 'vectorizer__min_df': 1}",0.6255687893886651,0.628720238095238,0.5228091675266597,0.23803433136548535,0.4123669563519188,0.4854998965455934,0.14704487448959333,32,0.8296703296703296,0.79,0.73,0.5314285714285714,0.7257142857142858,0.7213626373626374,0.10257693117049506,16
2.5259140014648436,0.059597855390183904,0.6366191387176514,0.05477963110005296,0.1,balanced,False,l2,liblinear,0.9,2,,"{'classifier__C': 0.1, 'classifier__class_weight': 'balanced', 'classifier__dual': False, 'classifier__penalty': 'l2', 'classifier__solver': 'liblinear', 'vectorizer__max_df': 0.9, 'vectorizer__min_df': 2}",0.6901078217848404,0.6298566017316016,0.4970114923439732,0.24005073601346893,0.3798851524415434,0.48738236086308556,0.16384005887404343,25,0.8516483516483517,0.7949999999999999,0.71,0.5371428571428571,0.7028571428571428,0.7193296703296703,0.10656890168082939,28
2.5603893756866456,0.06211164636896556,0.6338188171386718,0.062477723374864756,1.0,,True,l2,liblinear,0.9,1,,"{'classifier__C': 1, 'classifier__class_weight': None, 'classifier__dual': True, 'classifier__penalty': 'l2', 'classifier__solver': 'liblinear', 'vectorizer__max_df': 0.9, 'vectorizer__min_df': 1}",0.6764147688060731,0.576993676258382,0.5893967874231032,0.24022675736961452,0.4271450354157121,0.502035405054577,0.1535000009907845,1,0.8131868131868132,0.755,0.77,0.5371428571428571,0.7371428571428571,0.7224945054945056,0.09602945548997077,4
2.527471494674683,0.06514663381226758,0.6307260990142822,0.06176489740351425,1.0,,True,l2,liblinear,0.9,2,,"{'classifier__C': 1, 'classifier__class_weight': None, 'classifier__dual': True, 'classifier__penalty': 'l2', 'classifier__solver': 'liblinear', 'vectorizer__max_df': 0.9, 'vectorizer__min_df': 2}",0.7280020703933747,0.5955914673561733,0.5337481962481962,0.23915861081274614,0.3861689480110533,0.4965338585643087,0.16923196005055557,5,0.8516483516483516,0.775,0.7500000000000001,0.5314285714285714,0.72,0.7256153846153846,0.10644980924670928,1
2.561406898498535,0.05848439916295966,0.638896369934082,0.0628050680990169,1.0,,False,l2,liblinear,0.9,1,,"{'classifier__C': 1, 'classifier__class_weight': None, 'classifier__dual': False, 'classifier__penalty': 'l2', 'classifier__solver': 'liblinear', 'vectorizer__max_df': 0.9, 'vectorizer__min_df': 1}",0.6764147688060731,0.576993676258382,0.5893967874231032,0.24022675736961452,0.4271450354157121,0.502035405054577,0.1535000009907845,1,0.8131868131868132,0.755,0.77,0.5371428571428571,0.7371428571428571,0.7224945054945056,0.09602945548997077,4
2.530117416381836,0.0641512562730111,0.631091833114624,0.06017182843418082,1.0,,False,l2,liblinear,0.9,2,,"{'classifier__C': 1, 'classifier__class_weight': None, 'classifier__dual': False, 'classifier__penalty': 'l2', 'classifier__solver': 'liblinear', 'vectorizer__max_df': 0.9, 'vectorizer__min_df': 2}",0.7280020703933747,0.5955914673561733,0.5337481962481962,0.23915861081274614,0.3861689480110533,0.4965338585643087,0.16923196005055557,5,0.8516483516483516,0.775,0.7500000000000001,0.5314285714285714,0.72,0.7256153846153846,0.10644980924670928,1
2.5601118087768553,0.05941429084644998,0.6342038631439209,0.059963543636396534,1.0,balanced,True,l2,liblinear,0.9,1,,"{'classifier__C': 1, 'classifier__class_weight': 'balanced', 'classifier__dual': True, 'classifier__penalty': 'l2', 'classifier__solver': 'liblinear', 'vectorizer__max_df': 0.9, 'vectorizer__min_df': 1}",0.6330395794681509,0.628720238095238,0.480547262764755,0.2401988335299875,0.4223236663086287,0.48096591603335204,0.14585308741261946,43,0.8406593406593407,0.79,0.7150000000000001,0.5371428571428571,0.7257142857142858,0.7217032967032969,0.10289660649909846,11
2.5335716724395754,0.07188529134363454,0.631730318069458,0.06058404525249469,1.0,balanced,True,l2,liblinear,0.9,2,,"{'classifier__C': 1, 'classifier__class_weight': 'balanced', 'classifier__dual': True, 'classifier__penalty': 'l2', 'classifier__solver': 'liblinear', 'vectorizer__max_df': 0.9, 'vectorizer__min_df': 2}",0.6920841063698207,0.6241747835497835,0.4970114923439732,0.23271759296604017,0.4068812140240712,0.49057383785073777,0.16247543981458587,16,0.8571428571428572,0.795,0.71,0.52,0.72,0.7204285714285714,0.11360655341832988,20
2.5642921924591064,0.05983773090419813,0.6354937553405762,0.061849157841648315,1.0,balanced,False,l2,liblinear,0.9,1,,"{'classifier__C': 1, 'classifier__class_weight': 'balanced', 'classifier__dual': False, 'classifier__penalty': 'l2', 'classifier__solver': 'liblinear', 'vectorizer__max_df': 0.9, 'vectorizer__min_df': 1}",0.6330395794681509,0.628720238095238,0.480547262764755,0.2401988335299875,0.4223236663086287,0.48096591603335204,0.14585308741261946,43,0.8406593406593407,0.79,0.7150000000000001,0.5371428571428571,0.7257142857142858,0.7217032967032969,0.10289660649909846,11
2.5432566165924073,0.06133276798132496,0.6332038879394531,0.06293297024971967,1.0,balanced,False,l2,liblinear,0.9,2,,"{'classifier__C': 1, 'classifier__class_weight': 'balanced', 'classifier__dual': False, 'classifier__penalty': 'l2', 'classifier__solver': 'liblinear', 'vectorizer__max_df': 0.9, 'vectorizer__min_df': 2}",0.6920841063698207,0.6241747835497835,0.4970114923439732,0.23271759296604017,0.4068812140240712,0.49057383785073777,0.16247543981458587,16,0.8571428571428572,0.795,0.71,0.52,0.72,0.7204285714285714,0.11360655341832988,20
2.54954080581665,0.06424041802368725,0.6332001209259033,0.06281246107211318,5.0,,True,l2,liblinear,0.9,1,,"{'classifier__C': 5, 'classifier__class_weight': None, 'classifier__dual': True, 'classifier__penalty': 'l2', 'classifier__solver': 'liblinear', 'vectorizer__max_df': 0.9, 'vectorizer__min_df': 1}",0.6987812911725955,0.6270535714285714,0.5006657268170426,0.2307448816847313,0.4223236663086287,0.49591382748231394,0.16377148863625524,7,0.8516483516483517,0.785,0.735,0.5142857142857142,0.7257142857142858,0.7223296703296704,0.1132300066949275,9
2.542340087890625,0.07516925798683768,0.6302263736724854,0.06042350163557682,5.0,,True,l2,liblinear,0.9,2,,"{'classifier__C': 5, 'classifier__class_weight': None, 'classifier__dual': True, 'classifier__penalty': 'l2', 'classifier__solver': 'liblinear', 'vectorizer__max_df': 0.9, 'vectorizer__min_df': 2}",0.7513914656771798,0.6153803171466214,0.47720539264656914,0.23492760740659901,0.4068812140240712,0.49715719938020814,0.17659215994181293,3,0.8736263736263736,0.7849999999999999,0.7,0.5142857142857142,0.72,0.7185824175824175,0.11877237247859937,30
2.5600116729736326,0.07033015724789597,0.6341876983642578,0.06076580666835732,5.0,,False,l2,liblinear,0.9,1,,"{'classifier__C': 5, 'classifier__class_weight': None, 'classifier__dual': False, 'classifier__penalty': 'l2', 'classifier__solver': 'liblinear', 'vectorizer__max_df': 0.9, 'vectorizer__min_df': 1}",0.6987812911725955,0.6270535714285714,0.5006657268170426,0.2307448816847313,0.4223236663086287,0.49591382748231394,0.16377148863625524,7,0.8516483516483517,0.785,0.735,0.5142857142857142,0.7257142857142858,0.7223296703296704,0.1132300066949275,9
2.725822687149048,0.2764223810851326,0.645169734954834,0.062369810450778294,5.0,,False,l2,liblinear,0.9,2,,"{'classifier__C': 5, 'classifier__class_weight': None, 'classifier__dual': False, 'classifier__penalty': 'l2', 'classifier__solver': 'liblinear', 'vectorizer__max_df': 0.9, 'vectorizer__min_df': 2}",0.7513914656771798,0.6153803171466214,0.47720539264656914,0.23492760740659901,0.4068812140240712,0.49715719938020814,0.17659215994181293,3,0.8736263736263736,0.7849999999999999,0.7,0.5142857142857142,0.72,0.7185824175824175,0.11877237247859937,30
2.6475948333740233,0.058965961040888214,0.6536537647247315,0.06249850736923942,5.0,balanced,True,l2,liblinear,0.9,1,,"{'classifier__C': 5, 'classifier__class_weight': 'balanced', 'classifier__dual': True, 'classifier__penalty': 'l2', 'classifier__solver': 'liblinear', 'vectorizer__max_df': 0.9, 'vectorizer__min_df': 1}",0.663095238095238,0.6270535714285714,0.48283113085744667,0.23329859091545918,0.4223236663086287,0.48572043952106875,0.15438987140080607,30,0.8626373626373627,0.785,0.715,0.52,0.7257142857142858,0.7216703296703297,0.11367859981133571,13
2.552937412261963,0.0894736202907882,0.6352950096130371,0.06334484763946915,5.0,balanced,True,l2,liblinear,0.9,2,,"{'classifier__C': 5, 'classifier__class_weight': 'balanced', 'classifier__dual': True, 'classifier__penalty': 'l2', 'classifier__solver': 'liblinear', 'vectorizer__max_df': 0.9, 'vectorizer__min_df': 2}",0.7011904761904761,0.6305318322981366,0.4740887870299635,0.23748131663732688,0.4034798534798535,0.4893544531271513,0.16483514028754298,18,0.8736263736263735,0.795,0.69,0.52,0.7142857142857142,0.7185824175824175,0.11844717644187337,30
2.5683827877044676,0.08254206872989497,0.6392473697662353,0.054112212835634416,5.0,balanced,False,l2,liblinear,0.9,1,,"{'classifier__C': 5, 'classifier__class_weight': 'balanced', 'classifier__dual': False, 'classifier__penalty': 'l2', 'classifier__solver': 'liblinear', 'vectorizer__max_df': 0.9, 'vectorizer__min_df': 1}",0.663095238095238,0.6270535714285714,0.48283113085744667,0.23329859091545918,0.4223236663086287,0.48572043952106875,0.15438987140080607,30,0.8626373626373627,0.785,0.715,0.52,0.7257142857142858,0.7216703296703297,0.11367859981133571,13
2.5502817630767822,0.07092827674708993,0.6333672046661377,0.06192296563717664,5.0,balanced,False,l2,liblinear,0.9,2,,"{'classifier__C': 5, 'classifier__class_weight': 'balanced', 'classifier__dual': False, 'classifier__penalty': 'l2', 'classifier__solver': 'liblinear', 'vectorizer__max_df': 0.9, 'vectorizer__min_df': 2}",0.7011904761904761,0.6305318322981366,0.4740887870299635,0.23748131663732688,0.4034798534798535,0.4893544531271513,0.16483514028754298,18,0.8736263736263735,0.795,0.69,0.52,0.7142857142857142,0.7185824175824175,0.11844717644187337,30
2.5673685550689695,0.06687918836900493,0.6344568252563476,0.06210259070890267,10.0,,True,l2,liblinear,0.9,1,,"{'classifier__C': 10, 'classifier__class_weight': None, 'classifier__dual': True, 'classifier__penalty': 'l2', 'classifier__solver': 'liblinear', 'vectorizer__max_df': 0.9, 'vectorizer__min_df': 1}",0.7007575757575757,0.6270535714285714,0.4969680356193514,0.23329859091545918,0.40803795202291443,0.4932231451487744,0.16481045968764593,11,0.8571428571428572,0.785,0.73,0.52,0.72,0.7224285714285715,0.11234204330471095,7
2.5394683837890626,0.06987719741433683,0.6354732036590576,0.06726936951359094,10.0,,True,l2,liblinear,0.9,2,,"{'classifier__C': 10, 'classifier__class_weight': None, 'classifier__dual': True, 'classifier__penalty': 'l2', 'classifier__solver': 'liblinear', 'vectorizer__max_df': 0.9, 'vectorizer__min_df': 2}",0.7202380952380951,0.6286378929041972,0.4775228529640294,0.2375250100040016,0.4034798534798535,0.4934807409180354,0.16944291285656873,9,0.8736263736263736,0.79,0.695,0.52,0.7142857142857142,0.7185824175824175,0.11759988778503272,30
2.558169460296631,0.067204959524986,0.6338772296905517,0.06156432384373025,10.0,,False,l2,liblinear,0.9,1,,"{'classifier__C': 10, 'classifier__class_weight': None, 'classifier__dual': False, 'classifier__penalty': 'l2', 'classifier__solver': 'liblinear', 'vectorizer__max_df': 0.9, 'vectorizer__min_df': 1}",0.7007575757575757,0.6270535714285714,0.4969680356193514,0.23329859091545918,0.40803795202291443,0.4932231451487744,0.16481045968764593,11,0.8571428571428572,0.785,0.73,0.52,0.72,0.7224285714285715,0.11234204330471095,7
2.5338208198547365,0.06330162866918952,0.6305597305297852,0.06188126192733058,10.0,,False,l2,liblinear,0.9,2,,"{'classifier__C': 10, 'classifier__class_weight': None, 'classifier__dual': False, 'classifier__penalty': 'l2', 'classifier__solver': 'liblinear', 'vectorizer__max_df': 0.9, 'vectorizer__min_df': 2}",0.7202380952380951,0.6286378929041972,0.4775228529640294,0.2375250100040016,0.4034798534798535,0.4934807409180354,0.16944291285656873,9,0.8736263736263736,0.79,0.695,0.52,0.7142857142857142,0.7185824175824175,0.11759988778503272,30
2.559414529800415,0.05888343036590599,0.6386979103088379,0.06476078769558873,10.0,balanced,True,l2,liblinear,0.9,1,,"{'classifier__C': 10, 'classifier__class_weight': 'balanced', 'classifier__dual': True, 'classifier__penalty': 'l2', 'classifier__solver': 'liblinear', 'vectorizer__max_df': 0.9, 'vectorizer__min_df': 1}",0.663095238095238,0.6270535714285714,0.48283113085744667,0.23141889166733887,0.40803795202291443,0.4824873568143019,0.15626695327824378,37,0.8626373626373627,0.785,0.715,0.5142857142857142,0.72,0.7193846153846154,0.11568222947018011,24
2.54187912940979,0.05609456828196097,0.6310782909393311,0.060950273827653736,10.0,balanced,True,l2,liblinear,0.9,2,,"{'classifier__C': 10, 'classifier__class_weight': 'balanced', 'classifier__dual': True, 'classifier__penalty': 'l2', 'classifier__solver': 'liblinear', 'vectorizer__max_df': 0.9, 'vectorizer__min_df': 2}",0.7011904761904761,0.6286378929041972,0.472550325491502,0.2356956023516126,0.4034798534798535,0.48831083008352827,0.16508698898766763,23,0.8736263736263735,0.79,0.685,0.5142857142857142,0.7142857142857142,0.7154395604395605,0.11997757710241634,42
2.5699681758880617,0.08181243254613453,0.6432135581970215,0.07713404614855035,10.0,balanced,False,l2,liblinear,0.9,1,,"{'classifier__C': 10, 'classifier__class_weight': 'balanced', 'classifier__dual': False, 'classifier__penalty': 'l2', 'classifier__solver': 'liblinear', 'vectorizer__max_df': 0.9, 'vectorizer__min_df': 1}",0.663095238095238,0.6270535714285714,0.48283113085744667,0.23141889166733887,0.40803795202291443,0.4824873568143019,0.15626695327824378,37,0.8626373626373627,0.785,0.715,0.5142857142857142,0.72,0.7193846153846154,0.11568222947018011,24
2.5436126708984377,0.06572234211518273,0.6311174869537354,0.06269518377335374,10.0,balanced,False,l2,liblinear,0.9,2,,"{'classifier__C': 10, 'classifier__class_weight': 'balanced', 'classifier__dual': False, 'classifier__penalty': 'l2', 'classifier__solver': 'liblinear', 'vectorizer__max_df': 0.9, 'vectorizer__min_df': 2}",0.7011904761904761,0.6286378929041972,0.472550325491502,0.2356956023516126,0.4034798534798535,0.48831083008352827,0.16508698898766763,23,0.8736263736263735,0.79,0.685,0.5142857142857142,0.7142857142857142,0.7154395604395605,0.11997757710241634,42
2.553841257095337,0.06563690919617834,0.6314579963684082,0.06177432293731613,0.1,,,l1,liblinear,0.9,1,,"{'classifier__C': 0.1, 'classifier__class_weight': None, 'classifier__penalty': 'l1', 'classifier__solver': 'liblinear', 'vectorizer__max_df': 0.9, 'vectorizer__min_df': 1}",0.21212121212121213,0.24242424242424243,0.24242424242424243,0.21875,0.21875,0.2268939393939394,0.012909388778751495,97,0.5,0.5,0.5,0.5,0.5,0.5,0.0,93
2.535325860977173,0.07219172144194082,0.629979133605957,0.05915275083855757,0.1,,,l1,liblinear,0.9,2,,"{'classifier__C': 0.1, 'classifier__class_weight': None, 'classifier__penalty': 'l1', 'classifier__solver': 'liblinear', 'vectorizer__max_df': 0.9, 'vectorizer__min_df': 2}",0.21212121212121213,0.24242424242424243,0.24242424242424243,0.21875,0.21875,0.2268939393939394,0.012909388778751495,97,0.5,0.5,0.5,0.5,0.5,0.5,0.0,93
2.546477460861206,0.0635131542115631,0.6316902160644531,0.060120830774887925,0.1,balanced,,l1,liblinear,0.9,1,,"{'classifier__C': 0.1, 'classifier__class_weight': 'balanced', 'classifier__penalty': 'l1', 'classifier__solver': 'liblinear', 'vectorizer__max_df': 0.9, 'vectorizer__min_df': 1}",0.21212121212121213,0.24242424242424243,0.24242424242424243,0.21875,0.21875,0.2268939393939394,0.012909388778751495,97,0.5,0.5,0.5,0.5,0.5,0.5,0.0,93
2.5333910942077638,0.06299919589740807,0.6308209419250488,0.0613272010626161,0.1,balanced,,l1,liblinear,0.9,2,,"{'classifier__C': 0.1, 'classifier__class_weight': 'balanced', 'classifier__penalty': 'l1', 'classifier__solver': 'liblinear', 'vectorizer__max_df': 0.9, 'vectorizer__min_df': 2}",0.21212121212121213,0.24242424242424243,0.24242424242424243,0.21875,0.21875,0.2268939393939394,0.012909388778751495,97,0.5,0.5,0.5,0.5,0.5,0.5,0.0,93
2.552935266494751,0.06809772883399211,0.6323448181152344,0.06229997074940474,1.0,,,l1,liblinear,0.9,1,,"{'classifier__C': 1, 'classifier__class_weight': None, 'classifier__penalty': 'l1', 'classifier__solver': 'liblinear', 'vectorizer__max_df': 0.9, 'vectorizer__min_df': 1}",0.21212121212121213,0.24242424242424243,0.24242424242424243,0.21875,0.21875,0.2268939393939394,0.012909388778751495,97,0.5,0.5,0.5,0.5,0.5,0.5,0.0,93
2.5374043941497804,0.05426988091699446,0.6294735908508301,0.05999324938748797,1.0,,,l1,liblinear,0.9,2,,"{'classifier__C': 1, 'classifier__class_weight': None, 'classifier__penalty': 'l1', 'classifier__solver': 'liblinear', 'vectorizer__max_df': 0.9, 'vectorizer__min_df': 2}",0.21212121212121213,0.24242424242424243,0.24242424242424243,0.21875,0.21875,0.2268939393939394,0.012909388778751495,97,0.5,0.5,0.5,0.5,0.5,0.5,0.0,93
2.5566176891326906,0.07114201442555615,0.63536057472229,0.06744492340524545,1.0,balanced,,l1,liblinear,0.9,1,,"{'classifier__C': 1, 'classifier__class_weight': 'balanced', 'classifier__penalty': 'l1', 'classifier__solver': 'liblinear', 'vectorizer__max_df': 0.9, 'vectorizer__min_df': 1}",0.21212121212121213,0.24242424242424243,0.24242424242424243,0.21875,0.21875,0.2268939393939394,0.012909388778751495,97,0.5,0.5,0.5,0.5,0.5,0.5,0.0,93
2.5303883075714113,0.058190450360688525,0.6301178932189941,0.0625516500993167,1.0,balanced,,l1,liblinear,0.9,2,,"{'classifier__C': 1, 'classifier__class_weight': 'balanced', 'classifier__penalty': 'l1', 'classifier__solver': 'liblinear', 'vectorizer__max_df': 0.9, 'vectorizer__min_df': 2}",0.21212121212121213,0.24242424242424243,0.24242424242424243,0.21875,0.21875,0.2268939393939394,0.012909388778751495,97,0.5,0.5,0.5,0.5,0.5,0.5,0.0,93
2.559909963607788,0.06545572174970614,0.6361623287200928,0.06662538845409922,5.0,,,l1,liblinear,0.9,1,,"{'classifier__C': 5, 'classifier__class_weight': None, 'classifier__penalty': 'l1', 'classifier__solver': 'liblinear', 'vectorizer__max_df': 0.9, 'vectorizer__min_df': 1}",0.3795918367346939,0.2300163843516838,0.3030187671141388,0.26086653832649254,0.2796341157409269,0.2906255284535872,0.050494501421909574,91,0.7142857142857143,0.445,0.455,0.46285714285714286,0.5314285714285714,0.5217142857142857,0.10097342547948555,90
2.532766819000244,0.06567146940297236,0.6348287105560303,0.06155636218576756,5.0,,,l1,liblinear,0.9,2,,"{'classifier__C': 5, 'classifier__class_weight': None, 'classifier__penalty': 'l1', 'classifier__solver': 'liblinear', 'vectorizer__max_df': 0.9, 'vectorizer__min_df': 2}",0.35754245754245756,0.31137820512820513,0.37415135152204115,0.2383147276004419,0.2906184696100662,0.31440104228064236,0.04856986051890832,80,0.7252747252747253,0.52,0.42499999999999993,0.4628571428571428,0.5599999999999999,0.5386263736263736,0.10420490390256747,85
2.58610520362854,0.0707540456508695,0.6311404228210449,0.06228375469992528,5.0,balanced,,l1,liblinear,0.9,1,,"{'classifier__C': 5, 'classifier__class_weight': 'balanced', 'classifier__penalty': 'l1', 'classifier__solver': 'liblinear', 'vectorizer__max_df': 0.9, 'vectorizer__min_df': 1}",0.31262487512487513,0.30717450441715144,0.2980229428936325,0.22281237281237282,0.247947357080484,0.27771641046570317,0.035775369609411176,93,0.6703296703296704,0.56,0.39999999999999997,0.4685714285714285,0.5028571428571428,0.5203516483516484,0.09114512275356855,91
2.54118275642395,0.06190910723365812,0.6294398307800293,0.058698859555298064,5.0,balanced,,l1,liblinear,0.9,2,,"{'classifier__C': 5, 'classifier__class_weight': 'balanced', 'classifier__penalty': 'l1', 'classifier__solver': 'liblinear', 'vectorizer__max_df': 0.9, 'vectorizer__min_df': 2}",0.284066887397365,0.36354464478368753,0.28781426906426905,0.26155590441304727,0.26526974426134087,0.29245028998394196,0.03698493352399025,88,0.5824175824175823,0.575,0.395,0.56,0.5485714285714286,0.5321978021978022,0.06959647869423335,87
2.5695575714111327,0.058836345517104156,0.6313528060913086,0.05769089789255496,10.0,,,l1,liblinear,0.9,1,,"{'classifier__C': 10, 'classifier__class_weight': None, 'classifier__penalty': 'l1', 'classifier__solver': 'liblinear', 'vectorizer__max_df': 0.9, 'vectorizer__min_df': 1}",0.3320144141572713,0.33854464478368756,0.27763819961400604,0.2535425866252934,0.2748560962846677,0.2953191882929852,0.03373905639512944,85,0.6648351648351649,0.5549999999999999,0.4,0.5428571428571428,0.6,0.5525384615384615,0.0874424571429366,81
2.5498911857604982,0.04520330934896267,0.6403650760650634,0.06331034482909774,10.0,,,l1,liblinear,0.9,2,,"{'classifier__C': 10, 'classifier__class_weight': None, 'classifier__penalty': 'l1', 'classifier__solver': 'liblinear', 'vectorizer__max_df': 0.9, 'vectorizer__min_df': 2}",0.3112429237429237,0.32465234644582475,0.2750274234851612,0.2477568379824019,0.34183740162731757,0.30010338665672587,0.03416850539863335,84,0.6318681318681318,0.5449999999999999,0.395,0.5314285714285714,0.6857142857142857,0.5578021978021978,0.09920814973476441,79
2.5995455265045164,0.08022703596346406,0.6405886650085449,0.05371321083941958,10.0,balanced,,l1,liblinear,0.9,1,,"{'classifier__C': 10, 'classifier__class_weight': 'balanced', 'classifier__penalty': 'l1', 'classifier__solver': 'liblinear', 'vectorizer__max_df': 0.9, 'vectorizer__min_df': 1}",0.3161077158135982,0.3441269841269841,0.2843035006872019,0.25981952829778915,0.3085400244013689,0.30257955066538844,0.02866063935910375,83,0.6373626373626373,0.545,0.42000000000000004,0.5599999999999999,0.6342857142857143,0.5593296703296703,0.07915314055336918,78
2.612434816360474,0.06949323581219294,0.6464692115783691,0.07875031188639722,10.0,balanced,,l1,liblinear,0.9,2,,"{'classifier__C': 10, 'classifier__class_weight': 'balanced', 'classifier__penalty': 'l1', 'classifier__solver': 'liblinear', 'vectorizer__max_df': 0.9, 'vectorizer__min_df': 2}",0.28349613349613345,0.3882279485220662,0.26875321017080317,0.24815143448683818,0.4485494197679072,0.3274356292887496,0.07749134851249635,77,0.5879120879120879,0.53,0.395,0.5257142857142857,0.7028571428571428,0.5482967032967033,0.09980272777071066,83
2.8947057247161867,0.13164868592479925,0.6375557899475097,0.06057750288403921,0.1,,,elasticnet,saga,0.9,1,0.0,"{'classifier__C': 0.1, 'classifier__class_weight': None, 'classifier__l1_ratio': 0, 'classifier__penalty': 'elasticnet', 'classifier__solver': 'saga', 'vectorizer__max_df': 0.9, 'vectorizer__min_df': 1}",0.6310632948831707,0.628720238095238,0.5221697813374014,0.23803433136548535,0.4123669563519188,0.4864709204066429,0.1480732035679743,28,0.8351648351648351,0.79,0.73,0.5314285714285714,0.7257142857142858,0.7224615384615385,0.10375401692006857,6
2.644360399246216,0.0758981645776972,0.634814453125,0.06137315214558887,0.1,,,elasticnet,saga,0.9,2,0.0,"{'classifier__C': 0.1, 'classifier__class_weight': None, 'classifier__l1_ratio': 0, 'classifier__penalty': 'elasticnet', 'classifier__solver': 'saga', 'vectorizer__max_df': 0.9, 'vectorizer__min_df': 2}",0.6836143152913339,0.6241747835497835,0.4979945778858822,0.24005073601346893,0.3798851524415434,0.4851439130364025,0.16126704264615094,34,0.846153846153846,0.79,0.71,0.5371428571428571,0.7028571428571428,0.7172307692307692,0.10450556152572929,41
2.5574222564697267,0.07572302782621737,0.6367652893066407,0.06368418514519546,0.1,,,elasticnet,saga,0.9,1,0.25,"{'classifier__C': 0.1, 'classifier__class_weight': None, 'classifier__l1_ratio': 0.25, 'classifier__penalty': 'elasticnet', 'classifier__solver': 'saga', 'vectorizer__max_df': 0.9, 'vectorizer__min_df': 1}",0.21212121212121213,0.24242424242424243,0.24242424242424243,0.21875,0.21875,0.2268939393939394,0.012909388778751495,97,0.5,0.5,0.5,0.5,0.5,0.5,0.0,93
2.5291155338287354,0.061891861364867316,0.6343666076660156,0.0634027391591708,0.1,,,elasticnet,saga,0.9,2,0.25,"{'classifier__C': 0.1, 'classifier__class_weight': None, 'classifier__l1_ratio': 0.25, 'classifier__penalty': 'elasticnet', 'classifier__solver': 'saga', 'vectorizer__max_df': 0.9, 'vectorizer__min_df': 2}",0.21212121212121213,0.24242424242424243,0.24242424242424243,0.21875,0.21875,0.2268939393939394,0.012909388778751495,97,0.5,0.5,0.5,0.5,0.5,0.5,0.0,93
2.5628963470458985,0.07210796407679446,0.6366820812225342,0.061577189970275184,0.1,,,elasticnet,saga,0.9,1,0.5,"{'classifier__C': 0.1, 'classifier__class_weight': None, 'classifier__l1_ratio': 0.5, 'classifier__penalty': 'elasticnet', 'classifier__solver': 'saga', 'vectorizer__max_df': 0.9, 'vectorizer__min_df': 1}",0.21212121212121213,0.24242424242424243,0.24242424242424243,0.21875,0.21875,0.2268939393939394,0.012909388778751495,97,0.5,0.5,0.5,0.5,0.5,0.5,0.0,93
2.532155656814575,0.06019124841218099,0.6351051807403565,0.061817282031811666,0.1,,,elasticnet,saga,0.9,2,0.5,"{'classifier__C': 0.1, 'classifier__class_weight': None, 'classifier__l1_ratio': 0.5, 'classifier__penalty': 'elasticnet', 'classifier__solver': 'saga', 'vectorizer__max_df': 0.9, 'vectorizer__min_df': 2}",0.21212121212121213,0.24242424242424243,0.24242424242424243,0.21875,0.21875,0.2268939393939394,0.012909388778751495,97,0.5,0.5,0.5,0.5,0.5,0.5,0.0,93
2.554881715774536,0.06549904872983948,0.6395498752593994,0.06182995009321614,0.1,,,elasticnet,saga,0.9,1,0.75,"{'classifier__C': 0.1, 'classifier__class_weight': None, 'classifier__l1_ratio': 0.75, 'classifier__penalty': 'elasticnet', 'classifier__solver': 'saga', 'vectorizer__max_df': 0.9, 'vectorizer__min_df': 1}",0.21212121212121213,0.24242424242424243,0.24242424242424243,0.21875,0.21875,0.2268939393939394,0.012909388778751495,97,0.5,0.5,0.5,0.5,0.5,0.5,0.0,93
2.5341594219207764,0.06428502033694253,0.6334871768951416,0.06223476397885281,0.1,,,elasticnet,saga,0.9,2,0.75,"{'classifier__C': 0.1, 'classifier__class_weight': None, 'classifier__l1_ratio': 0.75, 'classifier__penalty': 'elasticnet', 'classifier__solver': 'saga', 'vectorizer__max_df': 0.9, 'vectorizer__min_df': 2}",0.21212121212121213,0.24242424242424243,0.24242424242424243,0.21875,0.21875,0.2268939393939394,0.012909388778751495,97,0.5,0.5,0.5,0.5,0.5,0.5,0.0,93
2.554162693023682,0.06775347372976147,0.6375703811645508,0.06485206392795108,0.1,,,elasticnet,saga,0.9,1,1.0,"{'classifier__C': 0.1, 'classifier__class_weight': None, 'classifier__l1_ratio': 1, 'classifier__penalty': 'elasticnet', 'classifier__solver': 'saga', 'vectorizer__max_df': 0.9, 'vectorizer__min_df': 1}",0.21212121212121213,0.24242424242424243,0.24242424242424243,0.21875,0.21875,0.2268939393939394,0.012909388778751495,97,0.5,0.5,0.5,0.5,0.5,0.5,0.0,93
2.554327058792114,0.06293464203844244,0.634885311126709,0.06392022828904807,0.1,,,elasticnet,saga,0.9,2,1.0,"{'classifier__C': 0.1, 'classifier__class_weight': None, 'classifier__l1_ratio': 1, 'classifier__penalty': 'elasticnet', 'classifier__solver': 'saga', 'vectorizer__max_df': 0.9, 'vectorizer__min_df': 2}",0.21212121212121213,0.24242424242424243,0.24242424242424243,0.21875,0.21875,0.2268939393939394,0.012909388778751495,97,0.5,0.5,0.5,0.5,0.5,0.5,0.0,93
2.6412935733795164,0.09406871968051671,0.6339238166809082,0.062434078626334856,0.1,balanced,,elasticnet,saga,0.9,1,0.0,"{'classifier__C': 0.1, 'classifier__class_weight': 'balanced', 'classifier__l1_ratio': 0, 'classifier__penalty': 'elasticnet', 'classifier__solver': 'saga', 'vectorizer__max_df': 0.9, 'vectorizer__min_df': 1}",0.6310632948831707,0.628720238095238,0.5246207617295584,0.23803433136548535,0.4123669563519188,0.4869611164850742,0.14819458042360875,27,0.8351648351648351,0.79,0.7350000000000001,0.5314285714285714,0.7257142857142858,0.7234615384615385,0.10384590964562253,3
2.574656772613525,0.06823842231531854,0.6340088844299316,0.061417749555858346,0.1,balanced,,elasticnet,saga,0.9,2,0.0,"{'classifier__C': 0.1, 'classifier__class_weight': 'balanced', 'classifier__l1_ratio': 0, 'classifier__penalty': 'elasticnet', 'classifier__solver': 'saga', 'vectorizer__max_df': 0.9, 'vectorizer__min_df': 2}",0.6836143152913339,0.6298566017316016,0.4979945778858822,0.24005073601346893,0.3798851524415434,0.48628027667276597,0.16225967947786177,29,0.846153846153846,0.7949999999999999,0.71,0.5371428571428571,0.7028571428571428,0.7182307692307692,0.10521858605468164,38
2.57200345993042,0.053376714728360836,0.6386273384094239,0.06118593989933796,0.1,balanced,,elasticnet,saga,0.9,1,0.25,"{'classifier__C': 0.1, 'classifier__class_weight': 'balanced', 'classifier__l1_ratio': 0.25, 'classifier__penalty': 'elasticnet', 'classifier__solver': 'saga', 'vectorizer__max_df': 0.9, 'vectorizer__min_df': 1}",0.21212121212121213,0.24242424242424243,0.24242424242424243,0.21875,0.21875,0.2268939393939394,0.012909388778751495,97,0.5,0.5,0.5,0.5,0.5,0.5,0.0,93
2.526999568939209,0.06824423366932049,0.6358555793762207,0.06182634296539438,0.1,balanced,,elasticnet,saga,0.9,2,0.25,"{'classifier__C': 0.1, 'classifier__class_weight': 'balanced', 'classifier__l1_ratio': 0.25, 'classifier__penalty': 'elasticnet', 'classifier__solver': 'saga', 'vectorizer__max_df': 0.9, 'vectorizer__min_df': 2}",0.21212121212121213,0.24242424242424243,0.24242424242424243,0.21875,0.21875,0.2268939393939394,0.012909388778751495,97,0.5,0.5,0.5,0.5,0.5,0.5,0.0,93
2.551585149765015,0.06046777062913697,0.637680959701538,0.06309440839063596,0.1,balanced,,elasticnet,saga,0.9,1,0.5,"{'classifier__C': 0.1, 'classifier__class_weight': 'balanced', 'classifier__l1_ratio': 0.5, 'classifier__penalty': 'elasticnet', 'classifier__solver': 'saga', 'vectorizer__max_df': 0.9, 'vectorizer__min_df': 1}",0.21212121212121213,0.24242424242424243,0.24242424242424243,0.21875,0.21875,0.2268939393939394,0.012909388778751495,97,0.5,0.5,0.5,0.5,0.5,0.5,0.0,93
2.541628360748291,0.07616093392973874,0.6371682167053223,0.06554616044267968,0.1,balanced,,elasticnet,saga,0.9,2,0.5,"{'classifier__C': 0.1, 'classifier__class_weight': 'balanced', 'classifier__l1_ratio': 0.5, 'classifier__penalty': 'elasticnet', 'classifier__solver': 'saga', 'vectorizer__max_df': 0.9, 'vectorizer__min_df': 2}",0.21212121212121213,0.24242424242424243,0.24242424242424243,0.21875,0.21875,0.2268939393939394,0.012909388778751495,97,0.5,0.5,0.5,0.5,0.5,0.5,0.0,93
2.5519879817962647,0.06096469738962795,0.6386683940887451,0.06135442873285742,0.1,balanced,,elasticnet,saga,0.9,1,0.75,"{'classifier__C': 0.1, 'classifier__class_weight': 'balanced', 'classifier__l1_ratio': 0.75, 'classifier__penalty': 'elasticnet', 'classifier__solver': 'saga', 'vectorizer__max_df': 0.9, 'vectorizer__min_df': 1}",0.21212121212121213,0.24242424242424243,0.24242424242424243,0.21875,0.21875,0.2268939393939394,0.012909388778751495,97,0.5,0.5,0.5,0.5,0.5,0.5,0.0,93
2.525789737701416,0.056244521487186894,0.6351685047149658,0.061834828626267394,0.1,balanced,,elasticnet,saga,0.9,2,0.75,"{'classifier__C': 0.1, 'classifier__class_weight': 'balanced', 'classifier__l1_ratio': 0.75, 'classifier__penalty': 'elasticnet', 'classifier__solver': 'saga', 'vectorizer__max_df': 0.9, 'vectorizer__min_df': 2}",0.21212121212121213,0.24242424242424243,0.24242424242424243,0.21875,0.21875,0.2268939393939394,0.012909388778751495,97,0.5,0.5,0.5,0.5,0.5,0.5,0.0,93
2.548791265487671,0.06472065203816366,0.6365961551666259,0.062314880872659226,0.1,balanced,,elasticnet,saga,0.9,1,1.0,"{'classifier__C': 0.1, 'classifier__class_weight': 'balanced', 'classifier__l1_ratio': 1, 'classifier__penalty': 'elasticnet', 'classifier__solver': 'saga', 'vectorizer__max_df': 0.9, 'vectorizer__min_df': 1}",0.21212121212121213,0.24242424242424243,0.24242424242424243,0.21875,0.21875,0.2268939393939394,0.012909388778751495,97,0.5,0.5,0.5,0.5,0.5,0.5,0.0,93
2.53849573135376,0.059955565514557496,0.6345809936523438,0.06315719493716833,0.1,balanced,,elasticnet,saga,0.9,2,1.0,"{'classifier__C': 0.1, 'classifier__class_weight': 'balanced', 'classifier__l1_ratio': 1, 'classifier__penalty': 'elasticnet', 'classifier__solver': 'saga', 'vectorizer__max_df': 0.9, 'vectorizer__min_df': 2}",0.21212121212121213,0.24242424242424243,0.24242424242424243,0.21875,0.21875,0.2268939393939394,0.012909388778751495,97,0.5,0.5,0.5,0.5,0.5,0.5,0.0,93
2.8323761940002443,0.08351356471720377,0.6381594657897949,0.061414744287299074,1.0,,,elasticnet,saga,0.9,1,0.0,"{'classifier__C': 1, 'classifier__class_weight': None, 'classifier__l1_ratio': 0, 'classifier__penalty': 'elasticnet', 'classifier__solver': 'saga', 'vectorizer__max_df': 0.9, 'vectorizer__min_df': 1}",0.6330395794681509,0.628720238095238,0.4850407268170426,0.23747774509461334,0.4223236663086287,0.48132039115673475,0.1467645171410138,41,0.8406593406593407,0.79,0.715,0.5314285714285714,0.7257142857142858,0.7205604395604397,0.10495136279299684,19
2.6465614795684815,0.0699743347070847,0.6340854644775391,0.062303222034432344,1.0,,,elasticnet,saga,0.9,2,0.0,"{'classifier__C': 1, 'classifier__class_weight': None, 'classifier__l1_ratio': 0, 'classifier__penalty': 'elasticnet', 'classifier__solver': 'saga', 'vectorizer__max_df': 0.9, 'vectorizer__min_df': 2}",0.6920841063698207,0.6173566017316017,0.5059400637725446,0.23507238103511396,0.4068812140240712,0.4914668733866304,0.16074690702501243,15,0.8571428571428572,0.7899999999999999,0.7150000000000001,0.5257142857142857,0.72,0.7215714285714286,0.1108762870067724,15
2.9788296222686768,0.11679811559923842,0.6366225242614746,0.062385407591252176,1.0,,,elasticnet,saga,0.9,1,0.25,"{'classifier__C': 1, 'classifier__class_weight': None, 'classifier__l1_ratio': 0.25, 'classifier__penalty': 'elasticnet', 'classifier__solver': 'saga', 'vectorizer__max_df': 0.9, 'vectorizer__min_df': 1}",0.49461420932009165,0.23071762796027506,0.32971770763853336,0.2581824316034842,0.30531257957728547,0.32370891121993395,0.09222174349275053,78,0.6758241758241759,0.45,0.44,0.43999999999999995,0.5542857142857143,0.512021978021978,0.0925618061642666,92
2.7280039310455324,0.08350530582841124,0.6351747989654541,0.062068545055379024,1.0,,,elasticnet,saga,0.9,2,0.25,"{'classifier__C': 1, 'classifier__class_weight': None, 'classifier__l1_ratio': 0.25, 'classifier__penalty': 'elasticnet', 'classifier__solver': 'saga', 'vectorizer__max_df': 0.9, 'vectorizer__min_df': 2}",0.4475857475857476,0.236071059311906,0.3968810803891449,0.2677056277056277,0.3600729966339643,0.3416633023252781,0.07902777193942391,76,0.7582417582417582,0.45999999999999996,0.495,0.48,0.5599999999999999,0.5506483516483517,0.10907568755347753,82
2.5627241134643555,0.07223427289143447,0.6394219398498535,0.06021603067217796,1.0,,,elasticnet,saga,0.9,1,0.5,"{'classifier__C': 1, 'classifier__class_weight': None, 'classifier__l1_ratio': 0.5, 'classifier__penalty': 'elasticnet', 'classifier__solver': 'saga', 'vectorizer__max_df': 0.9, 'vectorizer__min_df': 1}",0.21212121212121213,0.24242424242424243,0.24242424242424243,0.21875,0.21875,0.2268939393939394,0.012909388778751495,97,0.5,0.5,0.5,0.5,0.5,0.5,0.0,93
2.581272602081299,0.07512756140815094,0.6329003810882569,0.05988372787903912,1.0,,,elasticnet,saga,0.9,2,0.5,"{'classifier__C': 1, 'classifier__class_weight': None, 'classifier__l1_ratio': 0.5, 'classifier__penalty': 'elasticnet', 'classifier__solver': 'saga', 'vectorizer__max_df': 0.9, 'vectorizer__min_df': 2}",0.21212121212121213,0.24242424242424243,0.24242424242424243,0.2589285714285714,0.21875,0.23492965367965368,0.017148130939194074,94,0.5,0.5,0.5,0.4285714285714285,0.5,0.48571428571428565,0.028571428571428602,125
2.5664060592651365,0.06572524626409476,0.6374279499053955,0.06328947387682896,1.0,,,elasticnet,saga,0.9,1,0.75,"{'classifier__C': 1, 'classifier__class_weight': None, 'classifier__l1_ratio': 0.75, 'classifier__penalty': 'elasticnet', 'classifier__solver': 'saga', 'vectorizer__max_df': 0.9, 'vectorizer__min_df': 1}",0.21212121212121213,0.24242424242424243,0.24242424242424243,0.21875,0.21875,0.2268939393939394,0.012909388778751495,97,0.5,0.5,0.5,0.5,0.5,0.5,0.0,93
2.546627426147461,0.0692738769586388,0.6427985668182373,0.05478479355763209,1.0,,,elasticnet,saga,0.9,2,0.75,"{'classifier__C': 1, 'classifier__class_weight': None, 'classifier__l1_ratio': 0.75, 'classifier__penalty': 'elasticnet', 'classifier__solver': 'saga', 'vectorizer__max_df': 0.9, 'vectorizer__min_df': 2}",0.21212121212121213,0.24242424242424243,0.24242424242424243,0.21875,0.21875,0.2268939393939394,0.012909388778751495,97,0.5,0.5,0.5,0.5,0.5,0.5,0.0,93
2.554144191741943,0.06352287976332674,0.6358664035797119,0.05980185598473891,1.0,,,elasticnet,saga,0.9,1,1.0,"{'classifier__C': 1, 'classifier__class_weight': None, 'classifier__l1_ratio': 1, 'classifier__penalty': 'elasticnet', 'classifier__solver': 'saga', 'vectorizer__max_df': 0.9, 'vectorizer__min_df': 1}",0.21212121212121213,0.24242424242424243,0.24242424242424243,0.21875,0.21875,0.2268939393939394,0.012909388778751495,97,0.5,0.5,0.5,0.5,0.5,0.5,0.0,93
2.5360360145568848,0.06489033190310253,0.6321444988250733,0.06226976904417445,1.0,,,elasticnet,saga,0.9,2,1.0,"{'classifier__C': 1, 'classifier__class_weight': None, 'classifier__l1_ratio': 1, 'classifier__penalty': 'elasticnet', 'classifier__solver': 'saga', 'vectorizer__max_df': 0.9, 'vectorizer__min_df': 2}",0.21212121212121213,0.24242424242424243,0.24242424242424243,0.21875,0.21875,0.2268939393939394,0.012909388778751495,97,0.5,0.5,0.5,0.5,0.5,0.5,0.0,93
2.695667028427124,0.08387334627646299,0.6381603717803955,0.0668491652799059,1.0,balanced,,elasticnet,saga,0.9,1,0.0,"{'classifier__C': 1, 'classifier__class_weight': 'balanced', 'classifier__l1_ratio': 0, 'classifier__penalty': 'elasticnet', 'classifier__solver': 'saga', 'vectorizer__max_df': 0.9, 'vectorizer__min_df': 1}",0.6330395794681509,0.628720238095238,0.48685232101994114,0.23512295702553956,0.4223236663086287,0.4812117523834997,0.1475599948028277,42,0.8406593406593407,0.79,0.72,0.5257142857142857,0.7257142857142858,0.7204175824175826,0.10699289364224537,22
2.6015666007995604,0.08575781806533489,0.6363769054412842,0.061436098961380976,1.0,balanced,,elasticnet,saga,0.9,2,0.0,"{'classifier__C': 1, 'classifier__class_weight': 'balanced', 'classifier__l1_ratio': 0, 'classifier__penalty': 'elasticnet', 'classifier__solver': 'saga', 'vectorizer__max_df': 0.9, 'vectorizer__min_df': 2}",0.6920841063698207,0.6325081168831168,0.47756704789952875,0.2334597079938695,0.4068812140240712,0.4885000386340814,0.163714099763582,21,0.8571428571428572,0.8,0.7,0.52,0.72,0.7194285714285714,0.11454826983612186,23
2.705486869812012,0.11046375019344062,0.637135362625122,0.06278768021682316,1.0,balanced,,elasticnet,saga,0.9,1,0.25,"{'classifier__C': 1, 'classifier__class_weight': 'balanced', 'classifier__l1_ratio': 0.25, 'classifier__penalty': 'elasticnet', 'classifier__solver': 'saga', 'vectorizer__max_df': 0.9, 'vectorizer__min_df': 1}",0.48792270531400966,0.2439860949235949,0.3984880779201266,0.28266694403994175,0.30731205302633874,0.3440751750448023,0.08808314015641158,75,0.7857142857142857,0.49,0.51,0.5028571428571428,0.5942857142857143,0.5765714285714286,0.11082842043226189,74
2.6033873081207277,0.08876662466863096,0.6357085704803467,0.0626922950852092,1.0,balanced,,elasticnet,saga,0.9,2,0.25,"{'classifier__C': 1, 'classifier__class_weight': 'balanced', 'classifier__l1_ratio': 0.25, 'classifier__penalty': 'elasticnet', 'classifier__solver': 'saga', 'vectorizer__max_df': 0.9, 'vectorizer__min_df': 2}",0.5345887445887445,0.3084079906448327,0.4529942759131667,0.2858037760558769,0.32550621205419966,0.3814601998513641,0.09610733654108365,70,0.8076923076923077,0.61,0.5599999999999999,0.5142857142857142,0.6514285714285715,0.6286813186813187,0.10071230431556347,71
2.7114657878875734,0.1214963828030069,0.635034704208374,0.06176683105374738,1.0,balanced,,elasticnet,saga,0.9,1,0.5,"{'classifier__C': 1, 'classifier__class_weight': 'balanced', 'classifier__l1_ratio': 0.5, 'classifier__penalty': 'elasticnet', 'classifier__solver': 'saga', 'vectorizer__max_df': 0.9, 'vectorizer__min_df': 1}",0.21212121212121213,0.22774621212121213,0.2537878787878788,0.2589285714285714,0.21875,0.2342667748917749,0.018777602072983818,96,0.5,0.40499999999999997,0.5,0.4285714285714285,0.5,0.46671428571428575,0.04144236223666677,128
2.6306975841522218,0.09676333703494891,0.6320166110992431,0.06014962719942208,1.0,balanced,,elasticnet,saga,0.9,2,0.5,"{'classifier__C': 1, 'classifier__class_weight': 'balanced', 'classifier__l1_ratio': 0.5, 'classifier__penalty': 'elasticnet', 'classifier__solver': 'saga', 'vectorizer__max_df': 0.9, 'vectorizer__min_df': 2}",0.39512645249487355,0.24132586163836164,0.32724326377072377,0.2488913467484896,0.25695960680923086,0.29390930629233586,0.05918273233235786,87,0.5934065934065933,0.475,0.44,0.41714285714285715,0.4971428571428571,0.48453846153846153,0.06103763629366978,127
2.5566258430480957,0.05787697717250841,0.6375571727752686,0.06295654096891179,1.0,balanced,,elasticnet,saga,0.9,1,0.75,"{'classifier__C': 1, 'classifier__class_weight': 'balanced', 'classifier__l1_ratio': 0.75, 'classifier__penalty': 'elasticnet', 'classifier__solver': 'saga', 'vectorizer__max_df': 0.9, 'vectorizer__min_df': 1}",0.21212121212121213,0.24242424242424243,0.24242424242424243,0.21875,0.21875,0.2268939393939394,0.012909388778751495,97,0.5,0.5,0.5,0.5,0.5,0.5,0.0,93
2.54649658203125,0.05090347506109178,0.6336068153381348,0.06174227005304736,1.0,balanced,,elasticnet,saga,0.9,2,0.75,"{'classifier__C': 1, 'classifier__class_weight': 'balanced', 'classifier__l1_ratio': 0.75, 'classifier__penalty': 'elasticnet', 'classifier__solver': 'saga', 'vectorizer__max_df': 0.9, 'vectorizer__min_df': 2}",0.21212121212121213,0.24242424242424243,0.24242424242424243,0.2589285714285714,0.21875,0.23492965367965368,0.017148130939194074,94,0.5,0.5,0.5,0.4285714285714285,0.5,0.48571428571428565,0.028571428571428602,125
2.5620867729187013,0.06158714448271442,0.6362821102142334,0.06555687979439258,1.0,balanced,,elasticnet,saga,0.9,1,1.0,"{'classifier__C': 1, 'classifier__class_weight': 'balanced', 'classifier__l1_ratio': 1, 'classifier__penalty': 'elasticnet', 'classifier__solver': 'saga', 'vectorizer__max_df': 0.9, 'vectorizer__min_df': 1}",0.21212121212121213,0.24242424242424243,0.24242424242424243,0.21875,0.21875,0.2268939393939394,0.012909388778751495,97,0.5,0.5,0.5,0.5,0.5,0.5,0.0,93
2.533444118499756,0.06527794517154444,0.6339734077453614,0.06292139089340233,1.0,balanced,,elasticnet,saga,0.9,2,1.0,"{'classifier__C': 1, 'classifier__class_weight': 'balanced', 'classifier__l1_ratio': 1, 'classifier__penalty': 'elasticnet', 'classifier__solver': 'saga', 'vectorizer__max_df': 0.9, 'vectorizer__min_df': 2}",0.21212121212121213,0.24242424242424243,0.24242424242424243,0.21875,0.21875,0.2268939393939394,0.012909388778751495,97,0.5,0.5,0.5,0.5,0.5,0.5,0.0,93
2.915217065811157,0.09262925174790097,0.6352221965789795,0.06119688389476086,5.0,,,elasticnet,saga,0.9,1,0.0,"{'classifier__C': 5, 'classifier__class_weight': None, 'classifier__l1_ratio': 0, 'classifier__penalty': 'elasticnet', 'classifier__solver': 'saga', 'vectorizer__max_df': 0.9, 'vectorizer__min_df': 1}",0.6553030303030303,0.6270535714285714,0.47809628237259816,0.23141889166733887,0.4223236663086287,0.4828390884160335,0.15325687861687012,36,0.8571428571428572,0.785,0.71,0.5142857142857142,0.7257142857142858,0.7184285714285714,0.11443062241785976,37
2.695857048034668,0.07867271317510889,0.6328146934509278,0.06210024719268664,5.0,,,elasticnet,saga,0.9,2,0.0,"{'classifier__C': 5, 'classifier__class_weight': None, 'classifier__l1_ratio': 0, 'classifier__penalty': 'elasticnet', 'classifier__solver': 'saga', 'vectorizer__max_df': 0.9, 'vectorizer__min_df': 2}",0.7139455782312925,0.6305318322981366,0.4757554536966302,0.23748131663732688,0.4034798534798535,0.49223880686864796,0.16812500404039754,14,0.8791208791208791,0.795,0.6950000000000001,0.52,0.7142857142857142,0.7206813186813186,0.1196660237976497,18
3.058278226852417,0.08702483968646818,0.6402636528015136,0.06825967260233784,5.0,,,elasticnet,saga,0.9,1,0.25,"{'classifier__C': 5, 'classifier__class_weight': None, 'classifier__l1_ratio': 0.25, 'classifier__penalty': 'elasticnet', 'classifier__solver': 'saga', 'vectorizer__max_df': 0.9, 'vectorizer__min_df': 1}",0.5824887530769883,0.5739538239538239,0.4752262443438914,0.21818257048436074,0.4472402597402597,0.45941833031986484,0.13180105889698887,49,0.8351648351648352,0.7949999999999999,0.6599999999999999,0.4685714285714285,0.7257142857142856,0.6968901098901098,0.12889265591640542,52
2.948595476150513,0.07608446664361013,0.6336495399475097,0.06389008745530003,5.0,,,elasticnet,saga,0.9,2,0.25,"{'classifier__C': 5, 'classifier__class_weight': None, 'classifier__l1_ratio': 0.25, 'classifier__penalty': 'elasticnet', 'classifier__solver': 'saga', 'vectorizer__max_df': 0.9, 'vectorizer__min_df': 2}",0.5953314659197012,0.5908414502164502,0.5145514147688061,0.21307838520023392,0.42125350140056017,0.4670112435011503,0.14187017653324868,47,0.8571428571428571,0.795,0.665,0.45714285714285713,0.7257142857142858,0.7,0.13753886278252486,48
2.9114075660705567,0.09214582818293784,0.6355762004852294,0.056250776080016614,5.0,,,elasticnet,saga,0.9,1,0.5,"{'classifier__C': 5, 'classifier__class_weight': None, 'classifier__l1_ratio': 0.5, 'classifier__penalty': 'elasticnet', 'classifier__solver': 'saga', 'vectorizer__max_df': 0.9, 'vectorizer__min_df': 1}",0.47099567099567097,0.3755366952735374,0.47351010101010094,0.26867695278652337,0.36981974166184695,0.39170783234553597,0.07596757733338945,69,0.8076923076923077,0.66,0.595,0.5314285714285714,0.6857142857142857,0.6559670329670328,0.09289621130135309,65
2.780666160583496,0.06064466633755162,0.6393132209777832,0.056869351236735935,5.0,,,elasticnet,saga,0.9,2,0.5,"{'classifier__C': 5, 'classifier__class_weight': None, 'classifier__l1_ratio': 0.5, 'classifier__penalty': 'elasticnet', 'classifier__solver': 'saga', 'vectorizer__max_df': 0.9, 'vectorizer__min_df': 2}",0.5048469387755102,0.5090811965811965,0.49595690993788816,0.2772180451127819,0.4044480519480519,0.43831022847108575,0.08928173628187872,59,0.8461538461538461,0.74,0.62,0.5142857142857142,0.6857142857142857,0.6812307692307693,0.11161846099838446,59
2.9126441955566404,0.07951293278675785,0.6357621669769287,0.06294409591394279,5.0,,,elasticnet,saga,0.9,1,0.75,"{'classifier__C': 5, 'classifier__class_weight': None, 'classifier__l1_ratio': 0.75, 'classifier__penalty': 'elasticnet', 'classifier__solver': 'saga', 'vectorizer__max_df': 0.9, 'vectorizer__min_df': 1}",0.4910714285714286,0.2821855690605691,0.41097291189202956,0.29063795853269536,0.32655808477237047,0.3602851905658186,0.07970205846682389,72,0.8241758241758241,0.56,0.52,0.5028571428571429,0.6285714285714286,0.6071208791208791,0.11683691777184893,73
2.737096166610718,0.06444282272408164,0.6403124809265137,0.07062834040343402,5.0,,,elasticnet,saga,0.9,2,0.75,"{'classifier__C': 5, 'classifier__class_weight': None, 'classifier__l1_ratio': 0.75, 'classifier__penalty': 'elasticnet', 'classifier__solver': 'saga', 'vectorizer__max_df': 0.9, 'vectorizer__min_df': 2}",0.4196969696969697,0.32635771486577936,0.456696751598401,0.27149077022113194,0.3214994904844529,0.359148339373347,0.0683496008322305,73,0.7857142857142857,0.61,0.545,0.5142857142857142,0.657142857142857,0.6224285714285714,0.09561572750828587,72
3.2563846588134764,0.139418439830362,0.6424202919006348,0.06731364575608864,5.0,,,elasticnet,saga,0.9,1,1.0,"{'classifier__C': 5, 'classifier__class_weight': None, 'classifier__l1_ratio': 1, 'classifier__penalty': 'elasticnet', 'classifier__solver': 'saga', 'vectorizer__max_df': 0.9, 'vectorizer__min_df': 1}",0.3861788211788212,0.23408521303258145,0.30507920667457833,0.25954453126279753,0.28540612151293265,0.2940587787323422,0.05190468647523111,86,0.7197802197802198,0.45499999999999996,0.46,0.45714285714285713,0.5428571428571429,0.526956043956044,0.10194966686124672,89
2.8464275360107423,0.10041536813662959,0.6329206466674805,0.061626781493489796,5.0,,,elasticnet,saga,0.9,2,1.0,"{'classifier__C': 5, 'classifier__class_weight': None, 'classifier__l1_ratio': 1, 'classifier__penalty': 'elasticnet', 'classifier__solver': 'saga', 'vectorizer__max_df': 0.9, 'vectorizer__min_df': 2}",0.3554552590266876,0.31137820512820513,0.3740514014970537,0.24148933077504506,0.2955993080993081,0.3155947009052599,0.04672312144981049,79,0.7197802197802198,0.52,0.42499999999999993,0.4685714285714285,0.5714285714285714,0.5409560439560439,0.1020109339652981,84
2.81212477684021,0.09451510145594161,0.636014175415039,0.06322152624163235,5.0,balanced,,elasticnet,saga,0.9,1,0.0,"{'classifier__C': 5, 'classifier__class_weight': 'balanced', 'classifier__l1_ratio': 0, 'classifier__penalty': 'elasticnet', 'classifier__solver': 'saga', 'vectorizer__max_df': 0.9, 'vectorizer__min_df': 1}",0.663095238095238,0.6270535714285714,0.47579365079365077,0.23141889166733887,0.4223236663086287,0.4839370036586855,0.1550535000286196,35,0.8626373626373627,0.785,0.7050000000000001,0.5142857142857142,0.7257142857142858,0.7185274725274725,0.11587544687509865,36
2.6457964420318603,0.07010145965459788,0.6337006092071533,0.06225180116403234,5.0,balanced,,elasticnet,saga,0.9,2,0.0,"{'classifier__C': 5, 'classifier__class_weight': 'balanced', 'classifier__l1_ratio': 0, 'classifier__penalty': 'elasticnet', 'classifier__solver': 'saga', 'vectorizer__max_df': 0.9, 'vectorizer__min_df': 2}",0.7011904761904761,0.6305318322981366,0.472550325491502,0.23748131663732688,0.4034798534798535,0.48904676081945897,0.16486478225472728,20,0.8736263736263735,0.795,0.685,0.52,0.7142857142857142,0.7175824175824175,0.11870509021190759,40
2.8926270961761475,0.11371139273247222,0.6389959812164306,0.06805645561116058,5.0,balanced,,elasticnet,saga,0.9,1,0.25,"{'classifier__C': 5, 'classifier__class_weight': 'balanced', 'classifier__l1_ratio': 0.25, 'classifier__penalty': 'elasticnet', 'classifier__solver': 'saga', 'vectorizer__max_df': 0.9, 'vectorizer__min_df': 1}",0.5954757660640013,0.597391917293233,0.5193373579922493,0.2101244343891403,0.445063025210084,0.4734785001897416,0.1431807988873063,45,0.8461538461538461,0.81,0.6599999999999999,0.4514285714285714,0.7314285714285713,0.6998021978021979,0.13988299490724132,49
2.8346532821655273,0.0864185624730591,0.6310611724853515,0.06411216682535695,5.0,balanced,,elasticnet,saga,0.9,2,0.25,"{'classifier__C': 5, 'classifier__class_weight': 'balanced', 'classifier__l1_ratio': 0.25, 'classifier__penalty': 'elasticnet', 'classifier__solver': 'saga', 'vectorizer__max_df': 0.9, 'vectorizer__min_df': 2}",0.6286564625850339,0.5964962121212121,0.44944724810213943,0.21180132892317766,0.4240601503759398,0.4620922804215006,0.14836437833674457,48,0.8791208791208791,0.805,0.65,0.45714285714285713,0.7314285714285714,0.7045384615384616,0.14524024794121748,46
2.746426820755005,0.08755554182287119,0.6344162464141846,0.06034581832706047,5.0,balanced,,elasticnet,saga,0.9,1,0.5,"{'classifier__C': 5, 'classifier__class_weight': 'balanced', 'classifier__l1_ratio': 0.5, 'classifier__penalty': 'elasticnet', 'classifier__solver': 'saga', 'vectorizer__max_df': 0.9, 'vectorizer__min_df': 1}",0.4879818594104308,0.5547348484848484,0.5003852513227514,0.280430784754093,0.40221088435374147,0.44514872566517305,0.0957815511487261,56,0.8296703296703296,0.755,0.635,0.5257142857142857,0.6914285714285714,0.6873626373626374,0.10364830854047513,58
2.7713219165802,0.11772118806950953,0.6377881050109864,0.06483291396696425,5.0,balanced,,elasticnet,saga,0.9,2,0.5,"{'classifier__C': 5, 'classifier__class_weight': 'balanced', 'classifier__l1_ratio': 0.5, 'classifier__penalty': 'elasticnet', 'classifier__solver': 'saga', 'vectorizer__max_df': 0.9, 'vectorizer__min_df': 2}",0.47084167000133387,0.5585526315789473,0.46734414538762364,0.2533908108698025,0.4053002623974491,0.43108590404703123,0.10137395432157743,62,0.8241758241758242,0.77,0.64,0.52,0.6914285714285714,0.6891208791208792,0.10564215857505722,57
2.7136637210845946,0.0870983879674035,0.6238337993621826,0.061246553243562124,5.0,balanced,,elasticnet,saga,0.9,1,0.75,"{'classifier__C': 5, 'classifier__class_weight': 'balanced', 'classifier__l1_ratio': 0.75, 'classifier__penalty': 'elasticnet', 'classifier__solver': 'saga', 'vectorizer__max_df': 0.9, 'vectorizer__min_df': 1}",0.44189095928226363,0.3616458367706099,0.46199352548036754,0.2531415884431576,0.30390529896168994,0.3645154417876177,0.07946685694439073,71,0.7912087912087912,0.635,0.57,0.5142857142857142,0.64,0.6300989010989011,0.09284720930025864,70
2.6113611698150634,0.07197479047182477,0.6212864875793457,0.061969776642763416,5.0,balanced,,elasticnet,saga,0.9,2,0.75,"{'classifier__C': 5, 'classifier__class_weight': 'balanced', 'classifier__l1_ratio': 0.75, 'classifier__penalty': 'elasticnet', 'classifier__solver': 'saga', 'vectorizer__max_df': 0.9, 'vectorizer__min_df': 2}",0.43582766439909293,0.47824402300208757,0.46885844330400783,0.27728761839664096,0.4497710622710623,0.4219977622745783,0.07384201161806275,64,0.7967032967032966,0.695,0.5599999999999999,0.5028571428571429,0.6799999999999999,0.6469120879120878,0.10406747971048917,69
3.154307556152344,0.15819730630454515,0.6216102600097656,0.06168182870230406,5.0,balanced,,elasticnet,saga,0.9,1,1.0,"{'classifier__C': 5, 'classifier__class_weight': 'balanced', 'classifier__l1_ratio': 1, 'classifier__penalty': 'elasticnet', 'classifier__solver': 'saga', 'vectorizer__max_df': 0.9, 'vectorizer__min_df': 1}",0.3251248751248751,0.30701121794871794,0.2978505291005291,0.23659683396525505,0.2533994794498996,0.28399658711785536,0.03345462781649338,92,0.6813186813186813,0.565,0.39999999999999997,0.5028571428571429,0.52,0.5338351648351648,0.09141721453133186,86
2.800315427780151,0.06108312757116888,0.6214433193206788,0.06098924703704494,5.0,balanced,,elasticnet,saga,0.9,2,1.0,"{'classifier__C': 5, 'classifier__class_weight': 'balanced', 'classifier__l1_ratio': 1, 'classifier__penalty': 'elasticnet', 'classifier__solver': 'saga', 'vectorizer__max_df': 0.9, 'vectorizer__min_df': 2}",0.2836891078270389,0.33378274002178276,0.3086476023976024,0.26155590441304727,0.26786714685874347,0.291108500303643,0.026822657050818353,90,0.5769230769230769,0.5599999999999999,0.4,0.56,0.5542857142857143,0.5302417582417582,0.0655610842360909,88
2.9574976921081544,0.06520572966041152,0.6329958438873291,0.05924618587371596,10.0,,,elasticnet,saga,0.9,1,0.0,"{'classifier__C': 10, 'classifier__class_weight': None, 'classifier__l1_ratio': 0, 'classifier__penalty': 'elasticnet', 'classifier__solver': 'saga', 'vectorizer__max_df': 0.9, 'vectorizer__min_df': 1}",0.663095238095238,0.6270535714285714,0.48283113085744667,0.23141889166733887,0.40803795202291443,0.4824873568143019,0.15626695327824378,37,0.8626373626373627,0.785,0.715,0.5142857142857142,0.72,0.7193846153846154,0.11568222947018011,24
2.6774571418762205,0.07412477734094923,0.6229527950286865,0.06017490314776328,10.0,,,elasticnet,saga,0.9,2,0.0,"{'classifier__C': 10, 'classifier__class_weight': None, 'classifier__l1_ratio': 0, 'classifier__penalty': 'elasticnet', 'classifier__solver': 'saga', 'vectorizer__max_df': 0.9, 'vectorizer__min_df': 2}",0.7226190476190475,0.6286378929041972,0.472550325491502,0.2375250100040016,0.4034798534798535,0.4929624258997204,0.17018933826526933,13,0.8791208791208791,0.79,0.685,0.52,0.7142857142857142,0.7176813186813187,0.11954097692267525,39
3.4943697452545166,0.12678411720562968,0.6273932933807373,0.06897710678783865,10.0,,,elasticnet,saga,0.9,1,0.25,"{'classifier__C': 10, 'classifier__class_weight': None, 'classifier__l1_ratio': 0.25, 'classifier__penalty': 'elasticnet', 'classifier__solver': 'saga', 'vectorizer__max_df': 0.9, 'vectorizer__min_df': 1}",0.6524659863945577,0.5592425666438824,0.458566607004107,0.2068538954043156,0.4099439775910364,0.4574146066075798,0.1506316247836318,50,0.8846153846153846,0.79,0.655,0.43999999999999995,0.7257142857142858,0.699065934065934,0.14997646637431916,51
3.250244474411011,0.19091066156939562,0.6195204257965088,0.06291012111456372,10.0,,,elasticnet,saga,0.9,2,0.25,"{'classifier__C': 10, 'classifier__class_weight': None, 'classifier__l1_ratio': 0.25, 'classifier__penalty': 'elasticnet', 'classifier__solver': 'saga', 'vectorizer__max_df': 0.9, 'vectorizer__min_df': 2}",0.6106942777110844,0.5813446969696969,0.45694369288119285,0.2119053706091954,0.40977443609022557,0.454132494852279,0.14236857528967575,52,0.8681318681318683,0.7949999999999999,0.655,0.4571428571428571,0.7257142857142858,0.7001978021978023,0.14068329380526692,47
3.000674676895142,0.060448791367719266,0.6240506172180176,0.06059848710230578,10.0,,,elasticnet,saga,0.9,1,0.5,"{'classifier__C': 10, 'classifier__class_weight': None, 'classifier__l1_ratio': 0.5, 'classifier__penalty': 'elasticnet', 'classifier__solver': 'saga', 'vectorizer__max_df': 0.9, 'vectorizer__min_df': 1}",0.46771799628942484,0.5660460439636641,0.47594246031746035,0.24148308041165184,0.44806509560345875,0.43985093531713204,0.10716497095544228,58,0.8296703296703296,0.78,0.645,0.48,0.7257142857142856,0.692076923076923,0.12246366248562299,56
3.1126019954681396,0.2905836341134968,0.6432801723480225,0.06047197731640111,10.0,,,elasticnet,saga,0.9,2,0.5,"{'classifier__C': 10, 'classifier__class_weight': None, 'classifier__l1_ratio': 0.5, 'classifier__penalty': 'elasticnet', 'classifier__solver': 'saga', 'vectorizer__max_df': 0.9, 'vectorizer__min_df': 2}",0.5705215419501133,0.5233253588516746,0.5196018062397373,0.22908797085267674,0.4268374016273176,0.4538748159043039,0.12166348782645883,53,0.8516483516483516,0.765,0.6399999999999999,0.47428571428571425,0.7428571428571429,0.6947582417582417,0.12920411439247953,55
3.0267069339752197,0.06308394054692897,0.6362648963928222,0.061436872404225684,10.0,,,elasticnet,saga,0.9,1,0.75,"{'classifier__C': 10, 'classifier__class_weight': None, 'classifier__l1_ratio': 0.75, 'classifier__penalty': 'elasticnet', 'classifier__solver': 'saga', 'vectorizer__max_df': 0.9, 'vectorizer__min_df': 1}",0.48101164708307564,0.46174489712796163,0.4775088056228484,0.2504908324886018,0.4520669806384092,0.42456463259217936,0.08766959564677353,63,0.8351648351648351,0.68,0.58,0.4857142857142857,0.6914285714285714,0.6544615384615384,0.11721144313025175,66
2.8574426651000975,0.06439118777876007,0.6315516948699951,0.06206256751254447,10.0,,,elasticnet,saga,0.9,2,0.75,"{'classifier__C': 10, 'classifier__class_weight': None, 'classifier__l1_ratio': 0.75, 'classifier__penalty': 'elasticnet', 'classifier__solver': 'saga', 'vectorizer__max_df': 0.9, 'vectorizer__min_df': 2}",0.4570578231292517,0.4937832534475003,0.4349114247821144,0.2776617008359408,0.5047058823529411,0.43362401690954966,0.08191069535019059,61,0.8186813186813187,0.7200000000000001,0.575,0.5028571428571429,0.72,0.6673076923076922,0.11316503577973464,62
3.898311424255371,0.09627216653141914,0.6329424858093262,0.06041244676031385,10.0,,,elasticnet,saga,0.9,1,1.0,"{'classifier__C': 10, 'classifier__class_weight': None, 'classifier__l1_ratio': 1, 'classifier__penalty': 'elasticnet', 'classifier__solver': 'saga', 'vectorizer__max_df': 0.9, 'vectorizer__min_df': 1}",0.33032045594157394,0.3399640587031015,0.26301115998696645,0.2535425866252934,0.2746810262566565,0.29230385750271837,0.03574302439422781,89,0.6593406593406593,0.5549999999999999,0.41000000000000003,0.5428571428571428,0.6,0.5534395604395604,0.0825496787554336,80
3.307124471664429,0.07389153730760499,0.6296075820922852,0.06117498601109188,10.0,,,elasticnet,saga,0.9,2,1.0,"{'classifier__C': 10, 'classifier__class_weight': None, 'classifier__l1_ratio': 1, 'classifier__penalty': 'elasticnet', 'classifier__solver': 'saga', 'vectorizer__max_df': 0.9, 'vectorizer__min_df': 2}",0.3194139194139194,0.3365625,0.2786200187363347,0.2461823890395319,0.38366628702763156,0.31288902284348347,0.04740584047831651,81,0.6428571428571428,0.555,0.405,0.5314285714285714,0.6971428571428572,0.5662857142857143,0.10034166123595839,76
2.878075456619263,0.08640861356802823,0.6334810733795166,0.064002755560159,10.0,balanced,,elasticnet,saga,0.9,1,0.0,"{'classifier__C': 10, 'classifier__class_weight': 'balanced', 'classifier__l1_ratio': 0, 'classifier__penalty': 'elasticnet', 'classifier__solver': 'saga', 'vectorizer__max_df': 0.9, 'vectorizer__min_df': 1}",0.663095238095238,0.6270535714285714,0.48283113085744667,0.23141889166733887,0.40803795202291443,0.4824873568143019,0.15626695327824378,37,0.8626373626373627,0.785,0.715,0.5142857142857142,0.72,0.7193846153846154,0.11568222947018011,24
2.6766707420349123,0.07081430021519672,0.6316318511962891,0.0631858385101414,10.0,balanced,,elasticnet,saga,0.9,2,0.0,"{'classifier__C': 10, 'classifier__class_weight': 'balanced', 'classifier__l1_ratio': 0, 'classifier__penalty': 'elasticnet', 'classifier__solver': 'saga', 'vectorizer__max_df': 0.9, 'vectorizer__min_df': 2}",0.7011904761904761,0.6286378929041972,0.472550325491502,0.23573929571828733,0.4034798534798535,0.4883195687568633,0.16507361750008015,22,0.8736263736263735,0.79,0.685,0.5142857142857142,0.7142857142857142,0.7154395604395605,0.11997757710241634,42
3.4461594581604005,0.1380356709332988,0.633588171005249,0.060064565885156185,10.0,balanced,,elasticnet,saga,0.9,1,0.25,"{'classifier__C': 10, 'classifier__class_weight': 'balanced', 'classifier__l1_ratio': 0.25, 'classifier__penalty': 'elasticnet', 'classifier__solver': 'saga', 'vectorizer__max_df': 0.9, 'vectorizer__min_df': 1}",0.6524659863945577,0.553422619047619,0.4496380355755356,0.20840669043537147,0.41231391341961887,0.45524944897454056,0.14922374447190878,51,0.8846153846153846,0.785,0.65,0.44571428571428573,0.7314285714285714,0.6993516483516483,0.14795588398520926,50
3.0811858654022215,0.11824722704126528,0.6307536125183105,0.060428260916492275,10.0,balanced,,elasticnet,saga,0.9,2,0.25,"{'classifier__C': 10, 'classifier__class_weight': 'balanced', 'classifier__l1_ratio': 0.25, 'classifier__penalty': 'elasticnet', 'classifier__solver': 'saga', 'vectorizer__max_df': 0.9, 'vectorizer__min_df': 2}",0.6154561824729892,0.5835091991341992,0.44198006854256855,0.2119053706091954,0.40313524195103145,0.4511972125419968,0.14432114562665557,54,0.8681318681318682,0.7999999999999999,0.64,0.4571428571428571,0.7142857142857143,0.6959120879120879,0.142104499172058,53
2.937982368469238,0.08761979035184866,0.6371469497680664,0.06252052973369335,10.0,balanced,,elasticnet,saga,0.9,1,0.5,"{'classifier__C': 10, 'classifier__class_weight': 'balanced', 'classifier__l1_ratio': 0.5, 'classifier__penalty': 'elasticnet', 'classifier__solver': 'saga', 'vectorizer__max_df': 0.9, 'vectorizer__min_df': 1}",0.5625850340136054,0.5657135262398421,0.5352495421245421,0.23054900981371568,0.4522058823529411,0.46926059890892924,0.12620716630222692,46,0.8461538461538461,0.7849999999999999,0.6799999999999999,0.48,0.7371428571428571,0.7056593406593406,0.12538372932626027,45
2.8615792274475096,0.07592949010024905,0.6329933643341065,0.060004172045717334,10.0,balanced,,elasticnet,saga,0.9,2,0.5,"{'classifier__C': 10, 'classifier__class_weight': 'balanced', 'classifier__l1_ratio': 0.5, 'classifier__penalty': 'elasticnet', 'classifier__solver': 'saga', 'vectorizer__max_df': 0.9, 'vectorizer__min_df': 2}",0.5705215419501133,0.5300775613275613,0.479092546980478,0.2269234686881746,0.43869855634561516,0.44906273505838856,0.11972527161376478,55,0.8516483516483516,0.77,0.6399999999999999,0.4685714285714285,0.7485714285714286,0.6957582417582417,0.1321556864759843,54
2.921531057357788,0.07351183100922722,0.6361275672912597,0.0630058823401591,10.0,balanced,,elasticnet,saga,0.9,1,0.75,"{'classifier__C': 10, 'classifier__class_weight': 'balanced', 'classifier__l1_ratio': 0.75, 'classifier__penalty': 'elasticnet', 'classifier__solver': 'saga', 'vectorizer__max_df': 0.9, 'vectorizer__min_df': 1}",0.4613178604775243,0.5170182400445559,0.44747258027412307,0.282797118847539,0.4732505729564553,0.43637127452003954,0.08024289143890068,60,0.8186813186813187,0.745,0.605,0.5314285714285714,0.6857142857142857,0.6771648351648352,0.10114191989670386,60
2.818554735183716,0.07048997521504147,0.6378094673156738,0.06413372641354363,10.0,balanced,,elasticnet,saga,0.9,2,0.75,"{'classifier__C': 10, 'classifier__class_weight': 'balanced', 'classifier__l1_ratio': 0.75, 'classifier__penalty': 'elasticnet', 'classifier__solver': 'saga', 'vectorizer__max_df': 0.9, 'vectorizer__min_df': 2}",0.4570578231292517,0.5075458797101265,0.44307076544145507,0.252790748406386,0.5586734693877551,0.4438277372149949,0.10384631255268757,57,0.8186813186813187,0.7250000000000001,0.585,0.5028571428571429,0.7371428571428571,0.6737362637362637,0.11378157509057861,61
4.03767499923706,0.1367276665427776,0.6368170261383057,0.06592580492793641,10.0,balanced,,elasticnet,saga,0.9,1,1.0,"{'classifier__C': 10, 'classifier__class_weight': 'balanced', 'classifier__l1_ratio': 1, 'classifier__penalty': 'elasticnet', 'classifier__solver': 'saga', 'vectorizer__max_df': 0.9, 'vectorizer__min_df': 1}",0.3161077158135982,0.3498259575569358,0.28665366489081434,0.25605343147359955,0.332582648443993,0.30824468363578816,0.03338641951345839,82,0.6373626373626373,0.5599999999999999,0.43000000000000005,0.56,0.64,0.5654725274725275,0.07633509661356967,77
3.369611978530884,0.06577058882888955,0.642149019241333,0.05861081128653536,10.0,balanced,,elasticnet,saga,0.9,2,1.0,"{'classifier__C': 10, 'classifier__class_weight': 'balanced', 'classifier__l1_ratio': 1, 'classifier__penalty': 'elasticnet', 'classifier__solver': 'saga', 'vectorizer__max_df': 0.9, 'vectorizer__min_df': 2}",0.2962399909458733,0.39027146464646467,0.33111709619635094,0.25292225563161524,0.4662364945978391,0.3473574604036287,0.07452327092228855,74,0.6098901098901099,0.55,0.4149999999999999,0.5485714285714285,0.72,0.5686923076923076,0.09896146143287948,75
